state,county,total
arizona,unknown,0
pennsylvania,unknown,0
south dakota,unknown,0
kansas,unknown,0
maryland,unknown,0
ohio,unknown,1
south dakota,butte,1
oklahoma,washita,1
new mexico,hidalgo,1
idaho,boundary,1
south dakota,day,1
kentucky,carlisle,1
kansas,clark,1
texas,cochran,1
arkansas,fulton,1
kansas,gray,1
nebraska,greeley,1
new mexico,harding,1
texas,jim hogg,1
kansas,kiowa,1
kansas,rice,1
nebraska,sherman,1
south dakota,kingsbury,2
alaska,unknown,2
nebraska,logan,2
nebraska,thurston,2
texas,brooks,2
missouri,carroll,2
kansas,edwards,2
nebraska,fillmore,2
virginia,highland,2
north dakota,wells,2
texas,wheeler,2
north dakota,mercer,3
texas,hall,3
michigan,ontonagon,3
north dakota,unknown,3
iowa,cherokee,3
oklahoma,cimarron,3
illinois,hardin,3
nevada,lander,3
virginia,patrick,3
minnesota,pennington,3
missouri,texas,4
indiana,unknown,4
idaho,lewis,4
minnesota,chippewa,4
nebraska,dixon,4
nebraska,loup,4
illinois,white,4
kentucky,hickman,4
missouri,mississippi,4
idaho,unknown,5
new mexico,unknown,5
missouri,audrain,5
texas,childress,5
kentucky,clay,5
kentucky,fulton,5
minnesota,marshall,5
minnesota,morrison,5
north dakota,nelson,5
maine,piscataquis,5
texas,hartley,5
iowa,humboldt,5
nebraska,cedar,6
south dakota,brule,6
texas,carson,6
oklahoma,harper,6
minnesota,kittson,6
nevada,mineral,6
kansas,sheridan,6
virginia,norton city,6
minnesota,aitkin,7
nebraska,butler,7
kansas,chase,7
nebraska,red willow,7
kansas,sherman,7
illinois,wayne,7
kansas,wilson,7
texas,zavala,7
michigan,baraga,8
alaska,kodiak island borough,8
texas,la salle,8
minnesota,mille lacs,8
nebraska,nance,8
texas,red river,8
texas,houston,8
missouri,holt,9
missouri,miller,9
nebraska,morrill,9
alaska,nome census area,9
new mexico,guadalupe,9
illinois,hamilton,9
kansas,haskell,9
texas,armstrong,10
kentucky,casey,10
kansas,dickinson,10
texas,duval,10
west virginia,lincoln,10
kentucky,livingston,10
wisconsin,washburn,10
texas,wilbarger,10
texas,parmer,10
oklahoma,alfalfa,11
iowa,cass,11
wisconsin,green lake,11
south dakota,hyde,11
arkansas,jackson,11
texas,motley,11
tennessee,van buren,11
south dakota,moody,11
iowa,unknown,11
nebraska,furnas,11
missouri,lewis,11
texas,yoakum,12
wyoming,big horn,12
west virginia,grant,12
kentucky,morgan,12
south dakota,sully,12
illinois,clay,12
oregon,jefferson,12
kansas,anderson,13
missouri,andrew,13
nebraska,box butte,13
texas,dimmit,13
kentucky,gallatin,13
kansas,hamilton,13
kansas,phillips,13
nebraska,pierce,13
wisconsin,price,13
north dakota,rolette,13
west virginia,summers,13
louisiana,tensas,13
nebraska,wayne,13
indiana,pike,13
minnesota,red lake,13
illinois,alexander,13
california,unknown,14
texas,concho,14
arkansas,marion,14
south dakota,miner,14
oklahoma,okfuskee,14
north dakota,sargent,14
texas,stephens,14
iowa,union,14
montana,pondera,14
illinois,henderson,14
nebraska,burt,15
south dakota,corson,15
virginia,floyd,15
colorado,gilpin,15
wyoming,niobrara,15
colorado,prowers,15
texas,sabine,15
illinois,schuyler,15
montana,stillwater,15
illinois,fulton,15
texas,howard,15
michigan,menominee,15
oklahoma,murray,15
texas,bosque,15
oklahoma,woods,15
west virginia,braxton,16
texas,delta,16
texas,frio,16
florida,lafayette,16
arkansas,madison,16
south dakota,oglala lakota,16
illinois,stark,16
iowa,worth,16
illinois,perry,16
kentucky,garrard,16
ohio,harrison,16
kansas,smith,16
texas,roberts,16
oklahoma,haskell,16
kansas,barber,17
alaska,bethel census area,17
north dakota,bowman,17
texas,callahan,17
texas,crosby,17
iowa,greene,17
texas,knox,17
texas,mitchell,17
missouri,oregon,17
missouri,polk,17
virginia,rappahannock,17
minnesota,roseau,17
minnesota,swift,17
west virginia,wyoming,17
illinois,greene,17
michigan,alcona,17
missouri,daviess,17
tennessee,moore,17
virginia,essex,17
missouri,marion,18
arkansas,clay,18
iowa,franklin,18
missouri,gentry,18
missouri,madison,18
missouri,phelps,18
minnesota,redwood,18
missouri,worth,18
oklahoma,beaver,18
texas,hansford,18
texas,dickens,18
missouri,iron,18
tennessee,rhea,19
illinois,calhoun,19
north dakota,emmons,19
minnesota,houston,19
kentucky,johnson,19
kentucky,letcher,19
oklahoma,mcintosh,19
nebraska,phelps,19
oregon,sherman,19
oregon,coos,19
utah,sanpete,19
mississippi,unknown,20
montana,beaverhead,20
idaho,caribou,20
nebraska,cherry,20
arkansas,dallas,20
texas,hemphill,20
texas,mason,20
illinois,pike,20
pennsylvania,sullivan,20
arkansas,franklin,20
minnesota,becker,20
kentucky,rowan,20
west virginia,mingo,20
missouri,clark,21
oregon,crook,21
north dakota,eddy,21
utah,grand,21
colorado,rio blanco,21
alaska,southeast fairbanks census area,21
california,tehama,21
oklahoma,jefferson,21
indiana,pulaski,21
kentucky,green,21
texas,madison,21
texas,freestone,21
oklahoma,atoka,22
minnesota,koochiching,22
nebraska,otoe,22
wisconsin,trempealeau,22
idaho,washington,22
alaska,yukon-koyukuk census area,22
michigan,benzie,22
georgia,treutlen,22
florida,taylor,22
kentucky,trimble,22
nebraska,webster,22
illinois,johnson,22
new mexico,catron,23
virginia,covington city,23
florida,gulf,23
wisconsin,menominee,23
kansas,pratt,23
oklahoma,woodward,23
new mexico,lincoln,23
oklahoma,marshall,23
vermont,essex,23
texas,rains,23
alaska,prince of wales-hyder census area,23
illinois,cass,23
michigan,luce,24
idaho,camas,24
north dakota,grant,24
kentucky,lawrence,24
montana,liberty,24
arkansas,scott,24
oklahoma,tillman,24
nebraska,stanton,24
illinois,wabash,24
illinois,richland,24
kansas,scott,24
west virginia,boone,24
north dakota,stutsman,24
washington,pacific,24
michigan,lake,24
new mexico,quay,24
kansas,kearny,24
kentucky,owsley,24
nebraska,antelope,25
iowa,audubon,25
south dakota,marshall,25
north dakota,oliver,25
oregon,wallowa,25
alaska,petersburg borough,25
minnesota,pipestone,25
wisconsin,sawyer,25
florida,liberty,25
kentucky,fleming,25
nevada,churchill,25
south dakota,clark,26
south dakota,fall river,26
texas,franklin,26
arkansas,nevada,26
kansas,stafford,26
montana,musselshell,26
kentucky,powell,26
kansas,greenwood,26
kansas,wabaunsee,26
kansas,morton,26
oklahoma,dewey,26
ohio,meigs,26
texas,floyd,26
georgia,montgomery,26
pennsylvania,cameron,27
south dakota,deuel,27
north dakota,divide,27
utah,garfield,27
virginia,lancaster,27
kentucky,nicholas,27
wyoming,sublette,27
iowa,taylor,27
kansas,cowley,27
nebraska,johnson,27
kentucky,hart,27
montana,golden valley,27
oklahoma,johnston,27
south dakota,aurora,28
virginia,bristol city,28
south dakota,faulk,28
virginia,galax city,28
kansas,gove,28
minnesota,mahnomen,28
iowa,montgomery,28
south dakota,todd,28
north dakota,sioux,28
west virginia,pendleton,28
arkansas,yell,28
virginia,russell,28
missouri,howard,28
texas,scurry,28
kentucky,knott,28
minnesota,todd,28
north dakota,mchenry,29
north dakota,mcintosh,29
montana,meagher,29
minnesota,sibley,29
tennessee,unicoi,29
washington,pend oreille,29
pennsylvania,fulton,29
illinois,gallatin,29
kentucky,leslie,29
arkansas,izard,29
washington,ferry,30
north dakota,foster,30
montana,hill,30
south dakota,meade,30
missouri,ralls,30
missouri,shelby,30
maine,washington,30
missouri,st. clair,30
texas,winkler,30
georgia,evans,30
kansas,stanton,30
texas,falls,31
colorado,huerfano,31
arkansas,woodruff,31
oklahoma,carter,31
virginia,radford city,31
iowa,butler,31
iowa,wright,31
ohio,pike,31
minnesota,douglas,31
oklahoma,major,31
iowa,mills,31
iowa,buena vista,31
minnesota,big stone,32
minnesota,lac qui parle,32
pennsylvania,warren,32
west virginia,pleasants,32
idaho,adams,32
missouri,caldwell,32
nebraska,seward,32
iowa,winnebago,32
texas,dallam,32
missouri,dallas,32
montana,big horn,32
minnesota,norman,32
tennessee,crockett,32
kansas,jackson,33
iowa,kossuth,33
iowa,dickinson,33
arkansas,newton,33
iowa,clarke,33
west virginia,lewis,33
minnesota,murray,33
wisconsin,waushara,33
iowa,delaware,33
south dakota,sanborn,33
nebraska,howard,33
texas,marion,33
michigan,chippewa,34
north carolina,jackson,34
new mexico,roosevelt,34
oklahoma,beckham,34
oklahoma,grant,34
virginia,craig,34
pennsylvania,elk,34
pennsylvania,jefferson,34
illinois,lawrence,34
idaho,power,34
illinois,mcdonough,34
oregon,grant,35
kansas,doniphan,35
indiana,ohio,35
louisiana,east carroll,35
south dakota,hamlin,35
north carolina,bladen,35
missouri,livingston,35
missouri,morgan,35
new hampshire,coos,35
louisiana,cameron,35
ohio,henry,35
michigan,montmorency,35
nebraska,nemaha,36
california,tuolumne,36
california,alpine,36
michigan,houghton,36
wisconsin,ashland,36
texas,newton,36
kentucky,clinton,36
new mexico,luna,36
iowa,appanoose,37
texas,lamb,37
north carolina,macon,37
wisconsin,florence,37
iowa,hamilton,37
alabama,geneva,37
illinois,hancock,37
nevada,white pine,37
iowa,osceola,37
north carolina,tyrrell,37
iowa,adair,38
wyoming,park,38
missouri,atchison,38
arizona,greenlee,38
arkansas,sharp,38
ohio,monroe,38
iowa,chickasaw,38
arkansas,logan,38
west virginia,monroe,38
utah,sevier,38
texas,cooke,39
virginia,king and queen,39
arkansas,carroll,39
iowa,lee,39
washington,wahkiakum,39
texas,jones,39
ohio,noble,39
minnesota,rock,39
georgia,long,40
kansas,clay,40
west virginia,wirt,40
texas,aransas,40
oklahoma,kiowa,40
illinois,moultrie,40
florida,franklin,40
arkansas,prairie,40
iowa,howard,40
nebraska,franklin,40
texas,gaines,41
wyoming,hot springs,41
wisconsin,iron,41
texas,gonzales,41
maine,aroostook,41
illinois,de witt,41
kansas,osborne,41
minnesota,mcleod,41
illinois,union,41
michigan,schoolcraft,42
california,del norte,42
texas,gillespie,42
texas,mcculloch,42
iowa,carroll,43
washington,columbia,43
kansas,neosho,43
iowa,hardin,43
texas,jim wells,43
nebraska,cuming,43
missouri,gasconade,43
colorado,custer,43
texas,lee,43
virginia,unknown,43
mississippi,greene,43
texas,bandera,43
texas,jack,43
kentucky,knox,43
nebraska,clay,43
minnesota,jackson,44
arkansas,arkansas,44
indiana,benton,44
arkansas,monroe,44
colorado,las animas,44
iowa,grundy,44
ohio,morgan,44
kentucky,ballard,44
virginia,middlesex,44
virginia,king william,45
kentucky,cumberland,45
florida,hamilton,45
west virginia,brooke,45
west virginia,tyler,45
montana,richland,45
new mexico,colfax,45
wisconsin,polk,45
new mexico,san miguel,46
texas,martin,46
colorado,lincoln,46
minnesota,lincoln,46
nebraska,unknown,46
missouri,maries,46
iowa,mitchell,46
south dakota,lake,46
kentucky,lincoln,46
florida,dixie,46
kentucky,monroe,46
minnesota,itasca,47
oklahoma,love,47
tennessee,wayne,47
florida,union,47
north dakota,burke,47
kentucky,bath,47
kentucky,meade,47
michigan,presque isle,47
vermont,grand isle,47
wisconsin,lafayette,47
kansas,rooks,47
idaho,fremont,48
minnesota,traverse,48
iowa,madison,48
utah,carbon,48
utah,juab,48
missouri,nodaway,48
virginia,lunenburg,48
missouri,washington,48
ohio,hocking,48
kentucky,trigg,48
colorado,crowley,49
south dakota,lyman,49
iowa,webster,49
minnesota,meeker,49
ohio,jackson,49
kentucky,lewis,50
colorado,mineral,50
iowa,guthrie,50
missouri,reynolds,50
tennessee,sequatchie,50
michigan,mason,50
west virginia,nicholas,50
south dakota,jerauld,50
missouri,vernon,50
south dakota,walworth,50
illinois,marshall,51
kentucky,carroll,51
kentucky,floyd,51
north carolina,alleghany,51
arkansas,lee,51
minnesota,yellow medicine,51
tennessee,henderson,51
nebraska,cheyenne,51
virginia,scott,51
kansas,ellis,51
illinois,menard,52
missouri,macon,52
iowa,clay,52
mississippi,tishomingo,52
texas,lampasas,52
west virginia,fayette,52
missouri,scotland,52
washington,lincoln,53
idaho,custer,53
tennessee,decatur,53
tennessee,johnson,53
georgia,wheeler,53
illinois,massac,53
georgia,echols,53
texas,hamilton,53
kentucky,martin,54
south dakota,hutchinson,54
missouri,dekalb,54
kansas,cloud,54
kansas,jewell,54
texas,bee,54
ohio,van wert,55
west virginia,hardy,55
kentucky,crittenden,55
kentucky,carter,55
texas,pecos,55
nebraska,polk,55
illinois,cumberland,56
colorado,hinsdale,56
iowa,keokuk,56
north carolina,currituck,56
virginia,carroll,56
wisconsin,crawford,56
utah,kane,56
utah,emery,56
north dakota,slope,56
ohio,adams,56
north carolina,warren,56
texas,robertson,57
michigan,dickinson,57
tennessee,union,57
arkansas,perry,57
kansas,stevens,57
illinois,saline,57
texas,comanche,57
oregon,curry,57
north dakota,richland,57
texas,sherman,57
minnesota,kandiyohi,58
kansas,sumner,58
missouri,barry,58
oklahoma,choctaw,58
wisconsin,adams,58
georgia,quitman,58
virginia,giles,58
iowa,marion,58
texas,crane,59
montana,jefferson,59
tennessee,lewis,59
washington,skamania,59
wisconsin,marquette,59
indiana,spencer,59
wyoming,crook,59
arkansas,phillips,59
louisiana,west carroll,59
minnesota,benton,60
idaho,valley,60
north dakota,barnes,60
minnesota,clearwater,60
north carolina,alexander,60
idaho,latah,60
utah,duchesne,60
missouri,bollinger,61
nebraska,gosper,61
west virginia,roane,61
texas,clay,61
south dakota,spink,61
indiana,perry,61
louisiana,madison,62
tennessee,fentress,62
texas,kerr,62
illinois,effingham,62
virginia,lexington city,62
north dakota,mclean,63
alabama,fayette,63
montana,glacier,63
illinois,shelby,63
pennsylvania,mckean,64
west virginia,wetzel,64
ohio,holmes,64
georgia,jeff davis,64
kentucky,henry,64
north carolina,ashe,64
minnesota,polk,64
arkansas,pike,65
texas,karnes,65
west virginia,upshur,65
kansas,chautauqua,65
tennessee,hickman,65
iowa,o'brien,65
arkansas,lafayette,65
wisconsin,rusk,65
new hampshire,unknown,65
tennessee,lake,65
wyoming,goshen,66
georgia,bleckley,66
florida,hardee,66
illinois,mercer,66
kansas,republic,66
florida,gilchrist,66
idaho,bingham,67
california,colusa,67
kansas,ottawa,67
new mexico,otero,67
wisconsin,wood,68
north dakota,pierce,68
north dakota,walsh,68
illinois,logan,68
virginia,mathews,68
missouri,stone,68
colorado,saguache,68
virginia,salem city,68
georgia,atkinson,68
wisconsin,buffalo,69
wisconsin,oconto,69
nebraska,knox,70
nebraska,kearney,70
michigan,missaukee,70
missouri,ripley,70
virginia,surry,70
tennessee,clay,70
texas,live oak,70
virginia,staunton city,70
new mexico,lea,71
idaho,idaho,71
tennessee,meigs,71
mississippi,sharkey,71
georgia,mcintosh,71
texas,zapata,71
tennessee,hardin,72
tennessee,warren,72
illinois,mason,72
north carolina,gates,72
iowa,lyon,72
west virginia,taylor,72
kansas,morris,73
texas,morris,73
texas,swisher,73
kentucky,pendleton,73
north carolina,haywood,73
kentucky,perry,73
colorado,yuma,74
texas,montague,74
north carolina,chowan,74
kansas,mitchell,75
kentucky,washington,75
kentucky,hancock,75
north carolina,mitchell,75
minnesota,renville,76
kansas,atchison,76
ohio,paulding,76
texas,oldham,77
missouri,benton,77
kansas,miami,77
montana,deer lodge,77
texas,kleberg,77
michigan,oscoda,77
missouri,linn,77
indiana,martin,77
nebraska,saline,77
colorado,costilla,78
california,glenn,78
idaho,bonner,78
texas,leon,78
nebraska,colfax,78
texas,tyler,78
kentucky,pike,78
ohio,scioto,78
arizona,graham,79
minnesota,cass,79
tennessee,white,79
indiana,vermillion,79
virginia,alleghany,79
oregon,malheur,79
california,plumas,79
michigan,mackinac,79
south carolina,mccormick,79
colorado,ouray,79
tennessee,stewart,79
kentucky,allen,80
michigan,oceana,80
colorado,washington,80
west virginia,greenbrier,80
west virginia,randolph,80
kansas,marion,80
kentucky,breathitt,81
iowa,page,81
wisconsin,waupaca,81
illinois,clark,81
florida,holmes,81
texas,camp,81
missouri,howell,81
utah,millard,81
tennessee,houston,82
kentucky,taylor,82
texas,goliad,82
ohio,athens,83
missouri,carter,83
texas,young,83
minnesota,otter tail,83
idaho,owyhee,83
north carolina,clay,83
tennessee,grainger,83
south dakota,mccook,84
texas,llano,84
california,lake,84
west virginia,hampshire,84
georgia,twiggs,85
missouri,cooper,85
indiana,fulton,85
georgia,webster,85
virginia,buena vista city,85
alabama,crenshaw,86
oklahoma,le flore,86
virginia,tazewell,86
texas,hutchinson,86
wisconsin,kewaunee,86
new york,hamilton,87
wisconsin,bayfield,87
arkansas,boone,87
texas,eastland,87
missouri,mcdonald,87
tennessee,carter,87
missouri,osage,87
iowa,jefferson,87
wisconsin,manitowoc,87
kentucky,menifee,88
texas,blanco,88
illinois,franklin,88
minnesota,faribault,88
mississippi,jefferson,88
kentucky,larue,88
wyoming,washakie,88
illinois,bond,88
iowa,jackson,88
wyoming,uinta,88
michigan,gogebic,89
wisconsin,portage,89
minnesota,watonwan,89
nebraska,merrick,89
texas,trinity,89
west virginia,mcdowell,89
south dakota,bon homme,90
texas,lavaca,90
illinois,washington,90
wisconsin,marinette,90
south dakota,roberts,90
colorado,phillips,90
south dakota,charles mix,91
montana,roosevelt,91
oklahoma,latimer,91
kansas,osage,91
virginia,clarke,91
south carolina,allendale,91
west virginia,barbour,91
texas,palo pinto,91
virginia,charlotte,91
new mexico,los alamos,91
oregon,union,92
montana,ravalli,92
arkansas,crawford,92
indiana,fountain,92
arkansas,ouachita,92
tennessee,polk,92
wyoming,lincoln,92
virginia,rockbridge,93
arkansas,columbia,93
arkansas,hempstead,93
kansas,woodson,93
iowa,boone,93
kentucky,breckinridge,93
missouri,crawford,93
tennessee,giles,93
nebraska,york,93
iowa,hancock,94
oregon,hood river,94
pennsylvania,potter,95
north dakota,ramsey,95
tennessee,claiborne,95
texas,jackson,95
indiana,warren,95
oregon,morrow,95
georgia,candler,95
wisconsin,shawano,95
georgia,hancock,95
florida,unknown,96
north dakota,dunn,96
oklahoma,bryan,96
kansas,harvey,96
oklahoma,mccurtain,96
kentucky,whitley,96
minnesota,unknown,97
illinois,crawford,97
maine,hancock,97
nebraska,cass,98
texas,hopkins,98
north carolina,caswell,98
illinois,knox,98
illinois,ford,98
north carolina,wilkes,98
virginia,pulaski,98
north carolina,pender,98
kentucky,bracken,99
oklahoma,cotton,99
montana,carbon,99
virginia,northumberland,100
minnesota,isanti,100
tennessee,humphreys,100
texas,wood,100
indiana,wells,101
kentucky,mason,101
virginia,northampton,101
michigan,ogemaw,101
wisconsin,vilas,101
arkansas,baxter,101
georgia,chattahoochee,101
colorado,moffat,101
texas,anderson,101
florida,washington,102
missouri,chariton,102
texas,lynn,102
florida,calhoun,102
indiana,blackford,102
idaho,jefferson,103
oregon,lincoln,103
utah,uintah,103
south dakota,union,103
minnesota,waseca,104
virginia,nelson,104
arizona,la paz,104
oklahoma,kingfisher,104
virginia,dinwiddie,104
missouri,henry,105
virginia,nottoway,105
north carolina,pamlico,105
indiana,union,105
illinois,pulaski,105
kansas,jefferson,106
virginia,pittsylvania,106
georgia,hart,106
minnesota,lyon,106
tennessee,morgan,106
south carolina,barnwell,106
missouri,pike,106
idaho,gooding,106
georgia,charlton,107
west virginia,tucker,107
south dakota,hughes,107
iowa,wapello,107
florida,glades,107
georgia,lanier,107
georgia,elbert,107
georgia,wayne,107
arizona,gila,108
north carolina,jones,108
georgia,tattnall,109
tennessee,benton,109
idaho,minidoka,109
missouri,harrison,109
alabama,perry,109
kentucky,barren,110
ohio,williams,110
iowa,plymouth,110
illinois,warren,110
kansas,barton,111
kansas,pottawatomie,112
oregon,tillamook,112
pennsylvania,forest,112
illinois,piatt,112
wisconsin,barron,112
virginia,falls church city,112
georgia,heard,113
tennessee,perry,113
north carolina,perquimans,113
tennessee,jackson,113
new york,yates,113
montana,broadwater,114
maryland,garrett,114
florida,okeechobee,114
kentucky,mclean,114
georgia,clinch,115
indiana,carroll,115
georgia,dade,115
west virginia,mineral,115
virginia,appomattox,115
mississippi,jefferson davis,115
wisconsin,calumet,116
michigan,osceola,116
virginia,waynesboro city,116
south dakota,davison,117
iowa,fayette,117
arkansas,conway,117
kentucky,wayne,117
south dakota,clay,117
alabama,conecuh,117
wyoming,carbon,118
indiana,white,118
ohio,ashland,119
kentucky,anderson,119
wyoming,albany,119
south dakota,turner,119
michigan,leelanau,120
virginia,greene,120
west virginia,morgan,120
missouri,cedar,120
colorado,lake,120
kentucky,greenup,120
indiana,adams,121
california,amador,121
michigan,clare,122
kentucky,union,122
illinois,carroll,122
new york,schuyler,122
iowa,crawford,122
missouri,bates,123
ohio,gallia,123
montana,lake,123
wisconsin,oneida,123
colorado,grand,124
pennsylvania,venango,124
california,mendocino,125
indiana,gibson,125
virginia,fairfax city,125
virginia,poquoson city,125
oklahoma,seminole,125
missouri,webster,125
indiana,jay,125
texas,fannin,126
tennessee,mcminn,126
tennessee,weakley,127
arkansas,chicot,127
illinois,bureau,127
kentucky,todd,127
mississippi,tallahatchie,128
texas,jasper,128
texas,titus,128
virginia,lee,129
wisconsin,iowa,129
colorado,otero,129
minnesota,cottonwood,129
texas,san jacinto,129
colorado,archuleta,129
tennessee,overton,130
iowa,mahaska,130
minnesota,beltrami,130
illinois,jersey,130
virginia,buchanan,130
indiana,huntington,131
texas,caldwell,131
mississippi,claiborne,131
california,siskiyou,132
nebraska,saunders,132
wisconsin,richland,132
minnesota,pine,132
virginia,brunswick,133
georgia,rabun,135
texas,colorado,135
missouri,new madrid,135
indiana,parke,135
michigan,newaygo,136
idaho,bannock,136
minnesota,wilkin,136
virginia,powhatan,136
ohio,brown,136
idaho,madison,137
alabama,winston,137
texas,burleson,137
arkansas,mississippi,137
iowa,winneshiek,139
oregon,clatsop,139
indiana,sullivan,139
iowa,clayton,139
south carolina,calhoun,140
arkansas,drew,140
nebraska,platte,140
virginia,emporia city,140
virginia,halifax,141
texas,wise,141
minnesota,brown,141
minnesota,rice,142
iowa,des moines,142
missouri,ray,142
michigan,arenac,142
kentucky,edmonson,142
north carolina,martin,142
missouri,montgomery,143
west virginia,raleigh,143
oklahoma,craig,143
kansas,geary,143
colorado,park,144
indiana,posey,144
tennessee,obion,144
missouri,ste. genevieve,145
tennessee,cocke,146
tennessee,roane,146
ohio,highland,146
kentucky,mccreary,146
texas,uvalde,146
texas,willacy,146
wyoming,converse,146
south carolina,bamberg,146
ohio,guernsey,146
kentucky,logan,147
north carolina,hertford,147
indiana,wabash,147
georgia,crawford,147
michigan,gladwin,148
mississippi,benton,148
virginia,wythe,148
virginia,cumberland,149
kentucky,spencer,150
missouri,pettis,150
pennsylvania,clinton,150
ohio,champaign,151
alabama,bullock,151
colorado,rio grande,151
colorado,alamosa,151
georgia,towns,151
mississippi,alcorn,152
alabama,lamar,153
alabama,monroe,153
virginia,westmoreland,153
vermont,orange,154
tennessee,hardeman,154
virginia,henry,154
iowa,van buren,154
north dakota,mckenzie,154
illinois,vermilion,154
oklahoma,jackson,155
missouri,unknown,155
maryland,somerset,155
michigan,wexford,155
michigan,iosco,155
utah,morgan,155
ohio,perry,155
michigan,huron,156
georgia,berrien,156
virginia,campbell,156
kansas,cherokee,157
minnesota,chisago,157
iowa,monona,157
texas,cherokee,157
oklahoma,noble,158
kansas,bourbon,158
michigan,gratiot,158
washington,asotin,158
illinois,coles,158
kentucky,bourbon,159
idaho,teton,159
texas,starr,159
north carolina,transylvania,160
tennessee,henry,160
georgia,jefferson,160
michigan,alpena,160
arkansas,desha,161
arkansas,cross,161
kansas,crawford,161
iowa,shelby,161
arkansas,polk,162
south dakota,brookings,162
kentucky,rockcastle,162
arkansas,searcy,163
georgia,chattooga,163
new york,lewis,163
florida,jackson,164
tennessee,hamblen,164
texas,burnet,164
virginia,madison,164
texas,san patricio,164
montana,park,164
michigan,antrim,164
wisconsin,door,164
north dakota,williams,164
arkansas,independence,165
texas,grimes,165
georgia,screven,165
tennessee,chester,166
kentucky,mercer,166
west virginia,hancock,166
kentucky,caldwell,166
virginia,franklin city,167
virginia,page,167
arkansas,bradley,168
iowa,buchanan,168
west virginia,preston,168
georgia,cook,168
ohio,muskingum,169
tennessee,mcnairy,169
minnesota,nicollet,170
wisconsin,juneau,170
missouri,randolph,170
oklahoma,garfield,170
texas,upshur,171
iowa,sioux,171
indiana,dekalb,171
texas,lamar,171
ohio,putnam,171
kansas,linn,172
georgia,franklin,172
georgia,warren,173
mississippi,wayne,173
west virginia,marshall,174
west virginia,mercer,175
missouri,taney,175
new mexico,eddy,175
west virginia,logan,175
texas,hill,175
kentucky,russell,175
arkansas,sevier,176
washington,stevens,176
texas,milam,176
florida,levy,176
virginia,caroline,176
maine,unknown,177
montana,lincoln,177
south carolina,cherokee,177
colorado,fremont,178
arkansas,stone,178
wyoming,sweetwater,178
kentucky,grayson,178
tennessee,cannon,178
texas,cass,179
michigan,roscommon,179
georgia,taylor,179
arkansas,greene,180
idaho,cassia,180
north carolina,dare,180
oklahoma,custer,181
indiana,starke,181
georgia,union,181
mississippi,george,182
tennessee,lincoln,182
texas,terry,182
texas,dawson,182
georgia,emanuel,182
new mexico,grant,182
north carolina,scotland,183
alabama,butler,183
georgia,gilmer,183
new hampshire,sullivan,184
ohio,fayette,184
north carolina,stokes,184
virginia,charles city,185
arkansas,hot spring,185
missouri,pemiscot,185
texas,atascosa,186
idaho,payette,186
pennsylvania,bedford,187
south carolina,saluda,188
virginia,smyth,188
wisconsin,dunn,189
missouri,wright,189
wisconsin,jackson,189
minnesota,wabasha,190
kentucky,laurel,190
ohio,hardin,190
west virginia,mason,191
kentucky,webster,191
georgia,stewart,191
maine,franklin,192
nebraska,kimball,192
hawaii,unknown,193
iowa,iowa,195
tennessee,smith,196
georgia,banks,196
oklahoma,logan,197
tennessee,scott,197
alabama,lawrence,197
texas,limestone,197
arkansas,randolph,197
mississippi,carroll,197
texas,henderson,197
georgia,lincoln,199
michigan,manistee,199
north carolina,polk,200
missouri,newton,201
kentucky,marion,201
illinois,stephenson,202
idaho,gem,202
georgia,jenkins,202
illinois,montgomery,202
texas,san augustine,202
illinois,jasper,202
mississippi,union,203
new mexico,rio arriba,203
tennessee,lauderdale,203
ohio,logan,204
wisconsin,monroe,204
arkansas,ashley,204
michigan,delta,204
vermont,caledonia,205
oklahoma,sequoyah,205
illinois,fayette,205
south carolina,dillon,206
south carolina,marion,206
indiana,randolph,206
alabama,cherokee,207
ohio,seneca,207
virginia,sussex,207
maine,somerset,208
arkansas,cleveland,209
pennsylvania,clearfield,209
alabama,escambia,209
illinois,iroquois,209
montana,madison,210
california,calaveras,210
texas,austin,210
ohio,fulton,210
louisiana,sabine,211
arkansas,poinsett,212
wisconsin,douglas,212
new mexico,curry,212
texas,maverick,212
illinois,jo daviess,213
south dakota,pennington,213
pennsylvania,huntingdon,213
kentucky,montgomery,214
georgia,telfair,214
arkansas,howard,214
wisconsin,pierce,215
arkansas,grant,215
texas,van zandt,215
texas,deaf smith,215
virginia,amherst,215
tennessee,dekalb,216
georgia,wilkes,216
utah,unknown,216
new mexico,torrance,217
nevada,lyon,218
kentucky,marshall,218
iowa,poweshiek,219
north carolina,yadkin,219
nebraska,madison,220
louisiana,lasalle,220
colorado,baca,220
mississippi,humphreys,221
tennessee,monroe,221
wisconsin,grant,221
pennsylvania,wyoming,221
washington,grays harbor,222
north carolina,watauga,222
vermont,orleans,222
louisiana,jackson,222
south dakota,lawrence,222
kentucky,ohio,222
oklahoma,pontotoc,223
oregon,wasco,223
tennessee,haywood,223
florida,wakulla,224
georgia,jasper,225
virginia,amelia,226
colorado,kit carson,226
michigan,mecosta,226
north carolina,person,226
oklahoma,texas,226
texas,erath,227
texas,hale,227
north carolina,surry,227
virginia,wise,227
mississippi,stone,227
illinois,woodford,228
north carolina,richmond,228
georgia,brantley,228
kentucky,lyon,229
indiana,crawford,229
south carolina,hampton,230
wisconsin,green,231
oregon,columbia,231
iowa,jones,231
massachusetts,nantucket,232
ohio,knox,232
north carolina,anson,232
colorado,montezuma,233
alabama,dale,233
texas,brown,234
illinois,williamson,235
south carolina,edgefield,235
oklahoma,lincoln,235
texas,dewitt,236
georgia,ben hill,236
missouri,clinton,237
kansas,saline,237
virginia,southampton,238
indiana,tipton,239
illinois,morgan,239
illinois,lee,239
wisconsin,clark,241
louisiana,winn,242
michigan,cheboygan,242
minnesota,steele,244
pennsylvania,tioga,245
texas,polk,245
georgia,talbot,245
louisiana,grant,246
north carolina,greene,246
louisiana,red river,246
alabama,henry,246
massachusetts,dukes,247
alabama,choctaw,247
wisconsin,st. croix,248
pennsylvania,blair,248
kentucky,nelson,250
wyoming,johnson,250
kentucky,boyle,250
tennessee,lawrence,250
tennessee,marshall,250
missouri,moniteau,251
kansas,montgomery,251
wyoming,campbell,252
indiana,brown,252
oklahoma,pittsburg,253
oklahoma,nowata,253
georgia,putnam,253
illinois,douglas,255
delaware,unknown,255
kansas,butler,256
alabama,colbert,256
indiana,lagrange,256
northern mariana islands,unknown,256
iowa,bremer,256
indiana,whitley,257
indiana,clay,257
ohio,morrow,257
tennessee,campbell,258
nevada,elko,258
mississippi,franklin,258
ohio,wyandot,258
virginia,richmond,258
nebraska,custer,258
texas,val verde,260
alabama,barbour,260
colorado,clear creek,261
ohio,union,261
missouri,adair,261
indiana,dubois,261
maine,knox,261
mississippi,quitman,261
indiana,clinton,261
arkansas,sebastian,262
indiana,switzerland,262
mississippi,lawrence,263
colorado,delta,263
ohio,mercer,263
virginia,prince edward,264
mississippi,choctaw,264
kentucky,grant,264
michigan,charlevoix,265
indiana,steuben,265
georgia,schley,265
texas,medina,266
iowa,story,266
ohio,sandusky,266
idaho,bonneville,268
georgia,wilkinson,268
south carolina,abbeville,269
virginia,fredericksburg city,269
alabama,cleburne,270
pennsylvania,somerset,271
texas,andrews,271
oklahoma,garvin,272
alabama,washington,272
missouri,stoddard,272
maryland,dorchester,272
minnesota,sherburne,273
mississippi,noxubee,275
georgia,pulaski,275
georgia,irwin,276
virginia,greensville,277
arizona,santa cruz,278
minnesota,fillmore,278
tennessee,carroll,278
nebraska,dodge,278
north carolina,sampson,279
alaska,matanuska-susitna borough,279
west virginia,putnam,280
georgia,madison,280
indiana,jefferson,280
north carolina,rockingham,280
nevada,douglas,281
north carolina,beaufort,281
tennessee,coffee,281
virginia,colonial heights city,282
south dakota,codington,284
nebraska,hamilton,285
illinois,marion,286
colorado,san miguel,287
kansas,franklin,288
washington,okanogan,289
texas,gray,289
louisiana,st. helena,290
ohio,defiance,291
pennsylvania,cambria,291
mississippi,amite,291
alabama,franklin,292
pennsylvania,clarion,292
indiana,knox,292
texas,castro,293
new york,franklin,293
mississippi,jasper,293
georgia,jones,294
nebraska,scotts bluff,294
pennsylvania,mifflin,295
kentucky,franklin,296
mississippi,simpson,296
texas,wilson,297
minnesota,crow wing,297
louisiana,vernon,298
texas,kendall,298
missouri,butler,298
washington,san juan,299
north carolina,cherokee,299
georgia,fannin,299
south carolina,jasper,301
oklahoma,okmulgee,301
mississippi,itawamba,302
ohio,carroll,303
georgia,baker,303
kansas,mcpherson,303
virginia,new kent,303
florida,jefferson,303
pennsylvania,crawford,304
virginia,hopewell city,304
north carolina,washington,304
alabama,clay,305
georgia,toombs,305
south carolina,laurens,305
georgia,walker,305
georgia,dodge,307
virginia,orange,307
utah,san juan,308
mississippi,warren,308
illinois,macoupin,308
maine,lincoln,309
virginia,manassas park city,309
georgia,monroe,310
virginia,bedford,310
mississippi,yalobusha,310
louisiana,caldwell,311
minnesota,stearns,312
mississippi,kemper,312
kansas,labette,313
south carolina,oconee,315
missouri,warren,316
ohio,preble,316
washington,clallam,317
texas,parker,317
georgia,bacon,317
texas,navarro,318
new york,seneca,318
idaho,lincoln,319
wisconsin,marathon,320
virginia,franklin,320
north carolina,robeson,320
oklahoma,stephens,320
montana,silver bow,321
kansas,reno,321
mississippi,grenada,321
michigan,kalkaska,321
arkansas,lawrence,321
north carolina,montgomery,322
michigan,barry,323
georgia,morgan,323
illinois,livingston,324
virginia,king george,324
michigan,crawford,324
pennsylvania,perry,324
oklahoma,grady,326
iowa,cerro gordo,326
alabama,covington,326
ohio,huron,328
maryland,talbot,329
georgia,appling,329
mississippi,webster,330
georgia,murray,330
georgia,marion,330
iowa,pottawattamie,331
south carolina,newberry,331
utah,box elder,332
missouri,dunklin,333
ohio,auglaize,333
oklahoma,mayes,334
iowa,warren,334
texas,fayette,334
michigan,cass,334
texas,hood,334
iowa,harrison,335
illinois,jefferson,335
tennessee,jefferson,336
montana,cascade,336
ohio,ottawa,336
kentucky,woodford,338
kentucky,calloway,339
georgia,clay,339
georgia,pickens,340
washington,whitman,340
texas,hockley,341
minnesota,goodhue,341
ohio,lawrence,341
north carolina,lenoir,344
alabama,macon,344
georgia,white,345
utah,iron,346
mississippi,montgomery,347
mississippi,prentiss,347
north carolina,stanly,348
maryland,kent,348
virginia,buckingham,348
virginia,roanoke,350
new york,essex,351
california,yuba,351
california,kings,351
ohio,coshocton,352
wyoming,sheridan,353
california,inyo,353
virginia,warren,353
mississippi,newton,354
indiana,daviess,354
north carolina,bertie,355
alabama,hale,355
florida,madison,355
illinois,boone,355
north carolina,lincoln,356
south dakota,brown,357
indiana,scott,358
colorado,logan,358
arkansas,johnson,358
indiana,rush,360
alabama,coosa,360
georgia,lumpkin,361
mississippi,pontotoc,361
north carolina,caldwell,361
north carolina,duplin,361
tennessee,anderson,362
indiana,marshall,362
maine,oxford,363
north carolina,mcdowell,363
virginia,petersburg city,363
alabama,dallas,364
south carolina,marlboro,365
virginia,augusta,365
kentucky,shelby,367
kentucky,oldham,368
alabama,clarke,368
california,butte,369
indiana,miami,370
kentucky,simpson,370
texas,waller,371
georgia,miller,372
texas,calhoun,372
washington,klickitat,374
missouri,jasper,374
michigan,ionia,374
georgia,catoosa,375
maine,sagadahoc,376
texas,donley,376
new york,schoharie,377
arizona,cochise,377
nevada,nye,379
north carolina,pasquotank,379
south carolina,williamsburg,379
minnesota,dodge,380
colorado,elbert,381
mississippi,clarke,381
alabama,blount,382
mississippi,covington,382
idaho,elmore,382
georgia,oglethorpe,382
alaska,kenai peninsula borough,383
tennessee,trousdale,383
new mexico,socorro,385
alabama,bibb,387
south carolina,colleton,388
minnesota,carver,389
alabama,lowndes,391
louisiana,concordia,392
texas,grayson,393
georgia,seminole,396
michigan,grand traverse,397
georgia,haralson,398
pennsylvania,union,398
ohio,ross,399
ohio,clinton,400
iowa,benton,401
indiana,kosciusko,402
new mexico,taos,405
georgia,brooks,405
kentucky,clark,407
mississippi,perry,408
pennsylvania,snyder,408
mississippi,clay,410
colorado,teller,411
texas,angelina,411
indiana,wayne,412
georgia,bulloch,412
oregon,umatilla,414
north carolina,lee,414
washington,kittitas,416
louisiana,catahoula,416
michigan,emmet,416
florida,baker,417
texas,rusk,419
nebraska,lincoln,421
oklahoma,cherokee,421
illinois,grundy,422
georgia,grady,422
south carolina,chester,423
indiana,newton,423
missouri,pulaski,424
virginia,winchester city,424
oregon,douglas,425
indiana,orange,425
virginia,williamsburg city,426
alabama,greene,428
virginia,roanoke city,428
new mexico,valencia,428
oklahoma,mcclain,429
virginia,gloucester,429
south carolina,union,429
north carolina,hoke,430
oregon,josephine,430
pennsylvania,bradford,431
michigan,st. joseph,433
missouri,christian,434
georgia,johnson,434
georgia,lamar,435
montana,lewis and clark,436
georgia,washington,436
ohio,erie,437
tennessee,loudon,437
texas,hunt,437
washington,mason,438
tennessee,dyer,438
new york,fulton,438
georgia,pike,440
ohio,clark,441
virginia,washington,441
indiana,jasper,442
iowa,henry,443
arkansas,union,443
wisconsin,chippewa,444
vermont,unknown,444
wisconsin,dodge,445
kentucky,madison,447
texas,liberty,447
nevada,humboldt,447
alaska,juneau city and borough,449
minnesota,wright,450
maryland,queen anne's,450
south dakota,yankton,451
illinois,tazewell,454
alaska,ketchikan gateway borough,455
mississippi,walthall,455
texas,panola,455
maryland,allegany,457
oklahoma,ottawa,458
new mexico,chaves,460
tennessee,grundy,461
west virginia,wood,461
georgia,camden,466
nebraska,gage,468
indiana,fayette,469
illinois,adams,469
virginia,danville city,469
virginia,botetourt,470
ohio,crawford,470
illinois,henry,470
indiana,henry,471
north carolina,halifax,471
indiana,owen,472
nebraska,dakota,473
west virginia,cabell,474
tennessee,cheatham,475
maryland,caroline,475
tennessee,franklin,475
maryland,worcester,476
florida,desoto,476
new york,cortland,477
ohio,hancock,477
missouri,st. francois,477
washington,lewis,478
tennessee,gibson,478
new york,chautauqua,478
new hampshire,cheshire,480
kentucky,mccracken,480
louisiana,richland,482
tennessee,hawkins,482
alabama,marengo,482
iowa,cedar,485
north dakota,ward,486
kansas,riley,487
pennsylvania,greene,489
north carolina,vance,490
south carolina,fairfield,491
arkansas,miller,491
arizona,yuma,492
indiana,montgomery,492
west virginia,ohio,492
georgia,liberty,493
iowa,jasper,493
kentucky,hardin,494
kentucky,jackson,494
michigan,montcalm,495
minnesota,freeborn,495
north carolina,davie,496
missouri,buchanan,496
georgia,wilcox,496
indiana,noble,498
georgia,effingham,498
alabama,autauga,500
minnesota,carlton,500
illinois,lasalle,503
kansas,finney,504
north carolina,carteret,505
missouri,callaway,506
kentucky,boyd,510
mississippi,calhoun,511
georgia,stephens,512
idaho,nez perce,517
hawaii,kauai,518
minnesota,scott,518
montana,toole,518
ohio,shelby,518
south carolina,greenwood,520
michigan,marquette,520
nevada,carson city,524
new york,tioga,524
vermont,lamoille,526
mississippi,winston,528
ohio,jefferson,529
california,sutter,531
tennessee,sevier,532
oklahoma,caddo,532
michigan,sanilac,533
north dakota,mountrail,536
alabama,sumter,536
kentucky,scott,537
georgia,mcduffie,537
kentucky,graves,537
minnesota,blue earth,539
florida,hendry,539
nebraska,washington,540
wisconsin,eau claire,542
michigan,van buren,542
indiana,greene,545
new mexico,cibola,547
kentucky,harrison,548
oklahoma,muskogee,548
missouri,platte,548
alabama,lauderdale,550
minnesota,le sueur,551
tennessee,marion,552
virginia,prince george,552
new york,cattaraugus,552
california,mono,553
ohio,madison,555
california,shasta,561
maine,waldo,561
texas,rockwall,563
virginia,accomack,564
alabama,pickens,564
texas,harrison,565
pennsylvania,lycoming,566
oregon,klamath,571
north dakota,morton,571
georgia,harris,572
mississippi,tunica,573
mississippi,panola,574
louisiana,vermilion,574
wisconsin,jefferson,575
kentucky,bullitt,575
indiana,washington,576
washington,walla walla,577
michigan,allegan,578
new york,cayuga,579
pennsylvania,armstrong,579
texas,wharton,579
oklahoma,rogers,581
south carolina,chesterfield,582
oklahoma,pottawatomie,582
virginia,shenandoah,582
georgia,peach,584
alabama,pike,584
arkansas,lonoke,584
michigan,branch,585
new york,allegany,586
mississippi,marion,586
mississippi,tate,590
illinois,christian,592
new hampshire,belknap,595
florida,bradford,596
virginia,louisa,596
missouri,lincoln,596
alabama,russell,597
idaho,jerome,597
minnesota,mower,600
oregon,benton,602
north carolina,craven,604
virginia,montgomery,605
florida,columbia,606
illinois,ogle,610
mississippi,smith,612
arkansas,pope,613
washington,douglas,615
louisiana,morehouse,616
mississippi,lowndes,618
minnesota,nobles,618
north carolina,onslow,619
kentucky,henderson,620
texas,chambers,620
ohio,greene,621
wisconsin,columbia,622
missouri,scott,622
florida,gadsden,622
kentucky,jessamine,627
virginia,culpeper,631
tennessee,bledsoe,631
georgia,meriwether,634
alabama,jackson,635
illinois,whiteside,636
texas,kaufman,636
washington,cowlitz,641
louisiana,beauregard,641
virginia,lynchburg city,642
kentucky,adair,642
missouri,saline,646
alabama,dekalb,647
mississippi,attala,648
new york,montgomery,650
west virginia,harrison,651
alabama,wilcox,652
north carolina,edgecombe,652
virginia,fauquier,653
tennessee,greene,657
south dakota,beadle,659
iowa,allamakee,659
georgia,macon,659
georgia,bryan,661
missouri,camden,662
new york,orleans,662
ohio,tuscarawas,665
oklahoma,pawnee,665
kentucky,pulaski,665
kansas,seward,665
iowa,clinton,666
arkansas,white,667
wisconsin,la crosse,669
wisconsin,sauk,676
iowa,woodbury,677
illinois,peoria,678
georgia,burke,678
missouri,lafayette,682
south carolina,georgetown,683
new hampshire,carroll,684
south carolina,lee,685
arkansas,van buren,685
georgia,greene,685
oklahoma,adair,687
missouri,cape girardeau,689
georgia,polk,690
wisconsin,outagamie,692
vermont,washington,694
texas,bastrop,696
maine,androscoggin,699
illinois,jackson,706
texas,tom green,720
tennessee,macon,722
georgia,dawson,724
north carolina,columbus,727
kentucky,butler,732
new york,wyoming,733
utah,cache,733
south carolina,pickens,733
alabama,chilton,735
west virginia,marion,737
georgia,whitfield,738
new york,livingston,738
mississippi,chickasaw,738
north carolina,cleveland,740
washington,jefferson,742
oklahoma,payne,742
tennessee,bradley,742
oregon,polk,743
alabama,coffee,746
tennessee,maury,749
illinois,clinton,755
pennsylvania,susquehanna,755
wisconsin,winnebago,756
arkansas,clark,757
utah,tooele,761
alabama,randolph,762
montana,missoula,763
wyoming,natrona,765
florida,walton,766
north dakota,stark,767
mississippi,marshall,773
colorado,chaffee,773
colorado,mesa,776
georgia,jackson,776
mississippi,copiah,781
pennsylvania,indiana,781
oregon,yamhill,782
illinois,macon,783
alabama,cullman,788
alabama,talladega,789
georgia,laurens,789
louisiana,evangeline,792
north carolina,catawba,793
tennessee,fayette,793
virginia,york,794
arkansas,craighead,795
missouri,perry,796
montana,flathead,801
california,el dorado,804
michigan,midland,806
virginia,fluvanna,809
virginia,charlottesville city,811
michigan,isabella,811
indiana,putnam,812
washington,adams,814
west virginia,wayne,819
north carolina,brunswick,820
georgia,turner,822
florida,nassau,823
vermont,windsor,827
minnesota,winona,827
arkansas,saline,829
virginia,goochland,831
mississippi,neshoba,831
vermont,rutland,832
texas,comal,832
texas,shelby,833
louisiana,natchitoches,834
texas,orange,836
mississippi,sunflower,837
vermont,bennington,838
maine,penobscot,838
illinois,monroe,841
north carolina,alamance,844
georgia,decatur,847
nebraska,buffalo,848
arizona,mohave,849
louisiana,bienville,851
minnesota,st. louis,851
wisconsin,sheboygan,854
tennessee,dickson,856
pennsylvania,montour,858
texas,johnson,859
illinois,dekalb,862
louisiana,lincoln,862
tennessee,bedford,863
louisiana,jefferson davis,863
texas,gregg,865
tennessee,sullivan,868
utah,washington,870
california,madera,872
north carolina,nash,872
minnesota,clay,874
ohio,ashtabula,876
california,nevada,878
arkansas,st. francis,879
kentucky,unknown,880
kansas,coffey,881
pennsylvania,juniata,887
louisiana,claiborne,889
florida,bay,890
georgia,pierce,890
illinois,randolph,892
indiana,warrick,898
texas,midland,900
texas,coryell,900
ohio,washington,902
texas,washington,903
iowa,dubuque,904
mississippi,oktibbeha,905
pennsylvania,mercer,908
ohio,richland,909
mississippi,jones,910
oklahoma,greer,910
indiana,vigo,911
new york,washington,914
new york,herkimer,920
mississippi,lamar,922
california,napa,925
tennessee,washington,929
alabama,limestone,934
oregon,lane,935
new york,oswego,935
georgia,butts,936
pennsylvania,northumberland,937
georgia,glynn,938
texas,walker,941
georgia,habersham,943
missouri,cass,944
missouri,johnson,946
mississippi,lafayette,950
texas,ector,950
georgia,oconee,951
indiana,cass,954
california,san benito,958
pennsylvania,erie,959
florida,putnam,959
north carolina,buncombe,960
new york,otsego,963
kentucky,muhlenberg,963
kentucky,campbell,963
south carolina,orangeburg,964
alabama,morgan,968
north carolina,rutherford,970
mississippi,leake,973
missouri,cole,975
virginia,mecklenburg,985
hawaii,hawaii,986
michigan,tuscola,986
colorado,routt,988
new york,jefferson,988
new york,delaware,991
georgia,walton,992
minnesota,martin,1006
mississippi,monroe,1008
west virginia,jackson,1018
tennessee,cumberland,1019
ohio,allen,1019
indiana,grant,1021
georgia,calhoun,1026
alabama,houston,1028
mississippi,hancock,1029
pennsylvania,lawrence,1031
louisiana,pointe coupee,1035
alabama,st. clair,1036
oklahoma,kay,1037
mississippi,coahoma,1037
alabama,marion,1037
michigan,otsego,1038
arkansas,washington,1039
georgia,dooly,1040
kansas,douglas,1045
colorado,la plata,1045
north dakota,grand forks,1046
tennessee,blount,1049
ohio,darke,1052
alabama,elmore,1053
nebraska,sarpy,1055
west virginia,jefferson,1056
new york,wayne,1057
rhode island,bristol,1058
south carolina,darlington,1066
virginia,isle of wight,1068
indiana,tippecanoe,1069
new york,clinton,1071
mississippi,holmes,1071
georgia,gordon,1073
kansas,lyon,1073
louisiana,west feliciana,1073
ohio,clermont,1074
iowa,dallas,1076
mississippi,wilkinson,1078
oregon,jackson,1083
north carolina,franklin,1089
texas,guadalupe,1090
virginia,hanover,1097
oklahoma,delaware,1097
north carolina,burke,1102
mississippi,tippah,1105
missouri,clay,1110
north carolina,moore,1120
nebraska,dawson,1120
north carolina,harnett,1123
texas,nacogdoches,1134
oklahoma,osage,1135
texas,bowie,1138
louisiana,franklin,1148
virginia,spotsylvania,1153
ohio,wayne,1154
wyoming,fremont,1157
wisconsin,walworth,1160
illinois,sangamon,1161
virginia,albemarle,1161
ohio,belmont,1165
vermont,windham,1165
michigan,lenawee,1165
louisiana,union,1167
texas,moore,1169
idaho,kootenai,1171
pennsylvania,fayette,1171
mississippi,lee,1174
virginia,manassas city,1175
south carolina,aiken,1188
kentucky,boone,1195
texas,matagorda,1196
virginia,portsmouth city,1199
mississippi,adams,1206
indiana,jennings,1221
oklahoma,comanche,1227
florida,flagler,1231
nebraska,adams,1233
tennessee,tipton,1234
indiana,howard,1244
north carolina,randolph,1245
nebraska,lancaster,1252
south dakota,lincoln,1252
indiana,dearborn,1259
colorado,montrose,1261
virginia,suffolk city,1262
new york,greene,1263
wyoming,teton,1267
california,humboldt,1272
pennsylvania,adams,1272
florida,highlands,1275
alabama,calhoun,1276
vermont,addison,1276
georgia,coffee,1276
texas,hardin,1279
new mexico,do√±a ana,1283
michigan,bay,1292
georgia,ware,1301
mississippi,washington,1305
virgin islands,unknown,1307
louisiana,unknown,1317
wisconsin,rock,1321
north carolina,new hanover,1326
kentucky,christian,1326
new hampshire,grafton,1332
washington,chelan,1335
tennessee,madison,1339
oklahoma,creek,1344
michigan,shiawassee,1345
virginia,rockingham,1347
ohio,wood,1350
oklahoma,canadian,1351
kansas,ford,1353
new york,ontario,1360
virginia,frederick,1367
louisiana,avoyelles,1373
texas,wichita,1380
mississippi,yazoo,1385
new york,chemung,1389
mississippi,lincoln,1396
north dakota,burleigh,1399
indiana,lawrence,1399
oregon,deschutes,1401
maine,kennebec,1402
north carolina,northampton,1402
california,merced,1406
mississippi,leflore,1408
indiana,harrison,1414
pennsylvania,wayne,1415
florida,suwannee,1419
indiana,vanderburgh,1426
louisiana,webster,1427
georgia,barrow,1429
arkansas,benton,1433
colorado,pitkin,1437
new york,warren,1446
indiana,jackson,1449
south carolina,lancaster,1460
new york,chenango,1463
arizona,yavapai,1467
wisconsin,fond du lac,1475
virginia,hampton city,1476
kentucky,warren,1479
florida,monroe,1484
vermont,franklin,1495
wyoming,laramie,1499
louisiana,east feliciana,1503
colorado,garfield,1507
arkansas,faulkner,1507
montana,yellowstone,1514
pennsylvania,centre,1518
louisiana,allen,1524
indiana,laporte,1525
arkansas,unknown,1529
mississippi,pike,1534
mississippi,bolivar,1536
colorado,pueblo,1542
georgia,tift,1548
georgia,baldwin,1550
texas,randall,1554
louisiana,west baton rouge,1558
kansas,shawnee,1560
iowa,marshall,1571
georgia,troup,1574
south carolina,dorchester,1574
north carolina,pitt,1574
new york,genesee,1578
oregon,linn,1581
north carolina,chatham,1585
missouri,franklin,1592
north carolina,wilson,1594
alabama,etowah,1597
texas,victoria,1608
michigan,hillsdale,1618
north carolina,iredell,1621
florida,hernando,1623
florida,citrus,1625
colorado,summit,1632
new jersey,salem,1633
texas,ellis,1639
minnesota,anoka,1658
connecticut,windham,1658
maryland,wicomico,1665
indiana,delaware,1667
illinois,mclean,1670
new hampshire,strafford,1672
ohio,geauga,1676
pennsylvania,washington,1692
mississippi,scott,1697
pennsylvania,franklin,1704
georgia,lowndes,1736
indiana,shelby,1737
texas,taylor,1740
michigan,eaton,1745
new hampshire,merrimack,1752
idaho,twin falls,1754
georgia,columbia,1757
nevada,unknown,1773
oklahoma,wagoner,1774
indiana,franklin,1778
florida,indian river,1781
maryland,st. mary's,1782
texas,nueces,1783
ohio,fairfield,1784
rhode island,newport,1793
alaska,fairbanks north star borough,1797
ohio,warren,1798
georgia,crisp,1798
colorado,broomfield,1817
alabama,baldwin,1824
indiana,ripley,1832
alabama,walker,1836
virginia,newport news city,1844
maryland,washington,1846
west virginia,monongalia,1849
ohio,licking,1856
north carolina,henderson,1861
north carolina,davidson,1869
texas,mclennan,1870
wisconsin,washington,1870
maryland,calvert,1870
wisconsin,ozaukee,1873
maryland,cecil,1880
georgia,thomas,1890
illinois,champaign,1891
north carolina,cumberland,1898
hawaii,maui,1902
north carolina,granville,1907
texas,potter,1924
north carolina,gaston,1926
michigan,ottawa,1932
georgia,spalding,1933
north carolina,johnston,1945
indiana,monroe,1951
colorado,morgan,1958
kentucky,hopkins,1967
new mexico,santa fe,1969
new york,st. lawrence,1977
michigan,muskegon,1981
west virginia,berkeley,1992
minnesota,washington,1996
missouri,greene,2000
iowa,washington,2015
arkansas,garland,2021
michigan,clinton,2027
south carolina,clarendon,2034
kansas,leavenworth,2044
tennessee,unknown,2046
arkansas,cleburne,2057
georgia,worth,2058
south carolina,florence,2066
tennessee,putnam,2071
south carolina,berkeley,2074
new york,columbia,2076
tennessee,montgomery,2079
tennessee,robertson,2092
michigan,calhoun,2101
west virginia,kanawha,2103
virginia,norfolk city,2112
new york,unknown,2128
georgia,colquitt,2129
georgia,upson,2129
washington,thurston,2140
florida,marion,2148
kentucky,daviess,2164
virginia,stafford,2188
michigan,lapeer,2192
indiana,elkhart,2198
mississippi,pearl river,2207
georgia,randolph,2220
indiana,bartholomew,2223
pennsylvania,carbon,2232
texas,hays,2235
indiana,morgan,2237
louisiana,acadia,2242
alabama,marshall,2247
georgia,newton,2251
california,yolo,2281
utah,weber,2290
georgia,paulding,2295
missouri,boone,2297
oklahoma,washington,2301
arkansas,crittenden,2318
iowa,tama,2332
indiana,floyd,2352
california,santa cruz,2353
illinois,kendall,2353
mississippi,forrest,2359
georgia,clarke,2361
arizona,apache,2361
texas,smith,2367
new york,madison,2369
illinois,unknown,2375
iowa,louisa,2387
ohio,delaware,2389
louisiana,st. landry,2390
kentucky,kenton,2409
texas,bell,2412
minnesota,dakota,2423
florida,charlotte,2432
florida,okaloosa,2454
florida,santa rosa,2469
georgia,rockdale,2474
utah,wasatch,2480
california,monterey,2496
louisiana,assumption,2498
michigan,kalamazoo,2502
indiana,boone,2511
ohio,columbiana,2515
alabama,tallapoosa,2515
arkansas,jefferson,2516
georgia,bibb,2542
louisiana,st. mary,2546
arkansas,lincoln,2547
iowa,black hawk,2547
iowa,scott,2553
illinois,winnebago,2560
pennsylvania,columbia,2566
tennessee,hamilton,2569
mississippi,rankin,2569
south carolina,anderson,2574
indiana,hancock,2580
michigan,berrien,2608
mississippi,madison,2618
georgia,terrell,2622
louisiana,livingston,2638
illinois,rock island,2638
alabama,tuscaloosa,2653
georgia,fayette,2673
iowa,muscatine,2683
north carolina,forsyth,2712
georgia,floyd,2714
indiana,porter,2724
illinois,madison,2731
wisconsin,racine,2740
california,imperial,2746
ohio,lake,2748
virginia,harrisonburg city,2749
texas,jefferson,2749
virginia,chesapeake city,2751
north carolina,union,2764
florida,martin,2768
louisiana,de soto,2794
florida,leon,2797
new york,steuben,2797
new york,tompkins,2801
ohio,medina,2811
ohio,miami,2812
indiana,clark,2816
florida,sumter,2822
georgia,coweta,2826
mississippi,harrison,2851
georgia,early,2899
georgia,houston,2912
texas,williamson,2946
rhode island,washington,2948
pennsylvania,cumberland,2959
washington,franklin,2976
wisconsin,brown,3007
washington,grant,3050
ohio,butler,3052
colorado,gunnison,3055
new york,rensselaer,3086
north carolina,orange,3092
indiana,decatur,3096
louisiana,plaquemines,3101
north dakota,cass,3121
south carolina,york,3127
pennsylvania,butler,3173
oregon,clackamas,3177
louisiana,iberia,3178
ohio,portage,3179
missouri,jefferson,3181
new york,broome,3183
alaska,anchorage,3186
south carolina,horry,3199
maryland,harford,3226
mississippi,lauderdale,3230
california,placer,3245
california,san luis obispo,3248
texas,brazos,3249
new jersey,cape may,3262
tennessee,wilson,3268
washington,kitsap,3289
georgia,chatham,3304
louisiana,st. martin,3317
louisiana,washington,3322
georgia,muscogee,3325
south carolina,sumter,3370
montana,gallatin,3378
georgia,forsyth,3387
north carolina,cabarrus,3392
north carolina,rowan,3424
alabama,montgomery,3434
north carolina,guilford,3467
georgia,mitchell,3486
florida,brevard,3510
massachusetts,franklin,3527
florida,st. lucie,3532
minnesota,olmsted,3538
maine,york,3542
virginia,james city,3567
california,stanislaus,3572
mississippi,jackson,3580
idaho,canyon,3637
california,solano,3719
minnesota,ramsey,3743
south carolina,spartanburg,3744
virginia,richmond city,3782
florida,pasco,3804
florida,clay,3828
georgia,richmond,3835
florida,lake,3875
louisiana,rapides,3877
ohio,stark,3933
tennessee,knox,3945
california,sonoma,3985
ohio,trumbull,4020
pennsylvania,beaver,4039
ohio,montgomery,4039
georgia,douglas,4057
michigan,jackson,4084
north carolina,wayne,4086
wisconsin,kenosha,4165
new mexico,san juan,4175
texas,hidalgo,4198
indiana,allen,4208
new jersey,cumberland,4213
florida,st. johns,4219
pennsylvania,schuylkill,4227
washington,island,4242
alabama,chambers,4262
michigan,st. clair,4287
michigan,monroe,4289
arizona,pinal,4321
new york,niagara,4343
texas,cameron,4358
illinois,st. clair,4408
kansas,sedgwick,4421
illinois,kankakee,4466
colorado,unknown,4472
texas,webb,4487
new york,oneida,4501
louisiana,bossier,4528
alabama,madison,4548
mississippi,desoto,4571
florida,alachua,4581
california,marin,4648
connecticut,tolland,4673
louisiana,st. james,4682
south carolina,lexington,4703
connecticut,new london,4721
new mexico,mckinley,4765
kentucky,fayette,4771
south carolina,beaufort,4771
rhode island,kent,4880
louisiana,iberville,4886
utah,davis,4902
south carolina,kershaw,4948
new mexico,sandoval,4950
ohio,lorain,4964
pennsylvania,pike,4991
virginia,chesterfield,5068
colorado,larimer,5087
missouri,jackson,5104
indiana,madison,5113
georgia,sumter,5129
pennsylvania,westmoreland,5137
michigan,livingston,5230
new york,schenectady,5257
alabama,shelby,5262
massachusetts,hampshire,5272
georgia,cherokee,5342
iowa,polk,5395
wisconsin,waukesha,5419
virginia,alexandria city,5454
new york,saratoga,5456
florida,sarasota,5471
washington,skagit,5472
georgia,lee,5496
iowa,johnson,5510
california,fresno,5517
virginia,virginia beach city,5570
nebraska,hall,5594
pennsylvania,dauphin,5606
alabama,lee,5623
florida,escambia,5633
indiana,st. joseph,5669
washington,unknown,5671
florida,volusia,5674
tennessee,rutherford,5687
maryland,carroll,5688
georgia,carroll,5698
louisiana,calcasieu,5725
louisiana,terrebonne,5772
washington,clark,5780
illinois,mchenry,5800
texas,brazoria,5831
maryland,charles,5844
arizona,coconino,5954
michigan,ingham,5986
washington,benton,6039
florida,polk,6055
georgia,bartow,6065
mississippi,hinds,6148
oklahoma,cleveland,6161
new jersey,atlantic,6173
florida,manatee,6214
california,tulare,6275
iowa,linn,6328
michigan,saginaw,6348
florida,seminole,6380
delaware,kent,6416
washington,whatcom,6527
texas,montgomery,6590
georgia,henry,6596
pennsylvania,lebanon,6607
nebraska,douglas,6837
ohio,summit,6873
colorado,boulder,6886
texas,lubbock,6918
washington,spokane,6991
connecticut,middlesex,7066
oregon,marion,7071
california,santa barbara,7113
arkansas,pulaski,7158
indiana,johnson,7295
louisiana,tangipahoa,7307
kansas,wyandotte,7413
kansas,johnson,7418
virginia,loudoun,7447
missouri,st. charles,7474
north carolina,durham,7481
texas,el paso,7485
new jersey,hunterdon,7496
colorado,douglas,7614
pennsylvania,york,7635
indiana,hendricks,7680
missouri,kansas city,7717
oklahoma,tulsa,7837
utah,utah,7839
tennessee,williamson,7904
utah,summit,7910
florida,osceola,7951
louisiana,st. bernard,8026
arizona,navajo,8063
california,san joaquin,8142
louisiana,lafayette,8175
ohio,pickaway,8181
california,ventura,8200
maine,cumberland,8201
maryland,frederick,8260
louisiana,ouachita,8264
south carolina,greenville,8388
michigan,kent,8430
vermont,chittenden,8448
texas,galveston,8468
south carolina,charleston,8470
massachusetts,berkshire,8626
hawaii,honolulu,8657
wisconsin,dane,8821
new hampshire,rockingham,8859
florida,collier,8924
oregon,washington,9037
maryland,howard,9037
oregon,multnomah,9063
new york,sullivan,9065
louisiana,st. charles,9103
georgia,clayton,9180
georgia,hall,9193
virginia,henrico,9195
virginia,arlington,9258
new jersey,warren,9449
connecticut,unknown,9657
pennsylvania,lackawanna,9765
new hampshire,hillsborough,9840
louisiana,lafourche,9956
alabama,mobile,9958
louisiana,ascension,10097
connecticut,litchfield,10114
california,kern,10158
new mexico,bernalillo,10252
ohio,mahoning,10282
illinois,kane,10323
tennessee,sumner,10415
oklahoma,oklahoma,10585
new york,onondaga,10655
indiana,hamilton,10786
texas,collin,10798
idaho,blaine,11028
virginia,prince william,11089
nevada,washoe,11216
new jersey,sussex,11357
michigan,unknown,11384
north carolina,wake,11446
colorado,eagle,11594
florida,pinellas,11673
south carolina,richland,11716
new york,putnam,11797
texas,denton,11804
idaho,ada,12039
new jersey,gloucester,12047
louisiana,st. john the baptist,12090
massachusetts,barnstable,12231
ohio,lucas,12593
ohio,hamilton,12663
georgia,unknown,12675
ohio,marion,12768
new york,albany,13111
texas,fort bend,13139
delaware,sussex,13250
massachusetts,unknown,13401
kentucky,jefferson,13408
washington,yakima,13821
guam,unknown,13938
missouri,st. louis city,13961
pennsylvania,chester,14092
california,contra costa,14111
florida,lee,14339
alabama,jefferson,14811
minnesota,hennepin,14841
new york,ulster,14861
colorado,el paso,15063
arizona,pima,15319
colorado,adams,15455
rhode island,unknown,15872
florida,duval,15952
south dakota,minnehaha,15964
maryland,anne arundel,16405
indiana,lake,17351
michigan,washtenaw,17655
california,sacramento,17811
pennsylvania,lancaster,17977
texas,bexar,18164
pennsylvania,monroe,18269
colorado,jefferson,18668
georgia,gwinnett,18787
puerto rico,unknown,18789
california,san mateo,18831
florida,hillsborough,18862
colorado,weld,19000
texas,travis,19508
louisiana,st. tammany,19642
new york,monroe,19764
texas,tarrant,20258
delaware,new castle,20268
pennsylvania,allegheny,20358
georgia,cobb,20359
california,san bernardino,20869
maryland,baltimore city,21236
michigan,genesee,21433
california,alameda,22602
california,san francisco,23137
louisiana,caddo,23175
florida,orange,23447
north carolina,mecklenburg,23831
washington,pierce,23897
pennsylvania,berks,24494
ohio,franklin,24681
georgia,dekalb,25010
pennsylvania,northampton,25020
new jersey,burlington,25736
colorado,arapahoe,26484
louisiana,east baton rouge,26567
virginia,fairfax,26785
georgia,dougherty,27435
illinois,will,27971
maryland,baltimore,28572
utah,salt lake,28589
illinois,dupage,29230
massachusetts,bristol,29602
pennsylvania,bucks,30090
pennsylvania,luzerne,30106
ohio,cuyahoga,30203
tennessee,shelby,31031
california,orange,31425
new jersey,camden,31825
colorado,denver,33269
tennessee,davidson,34700
illinois,lake,35472
new jersey,mercer,37102
pennsylvania,lehigh,37208
new york,erie,37724
massachusetts,hampden,37838
pennsylvania,delaware,38745
missouri,st. louis,39263
florida,palm beach,39264
georgia,fulton,39633
maryland,montgomery,39958
new jersey,somerset,40034
rhode island,providence,40915
new york,dutchess,41050
california,riverside,41445
wisconsin,milwaukee,42576
california,santa clara,43177
texas,dallas,43613
california,san diego,45914
massachusetts,plymouth,46450
district of columbia,district of columbia,46490
arizona,maricopa,48358
massachusetts,worcester,48490
maryland,prince george's,49600
pennsylvania,montgomery,50792
connecticut,hartford,51003
washington,snohomish,53396
nevada,clark,56371
new jersey,unknown,61897
massachusetts,norfolk,63378
indiana,marion,69260
new jersey,morris,72751
connecticut,new haven,73403
florida,broward,74564
michigan,macomb,77812
massachusetts,essex,78992
texas,harris,79320
new jersey,ocean,84522
new jersey,monmouth,87670
louisiana,jefferson,109723
michigan,oakland,116437
new york,orange,118266
washington,king,120208
massachusetts,suffolk,129613
louisiana,orleans,131188
new jersey,middlesex,133941
new jersey,passaic,136951
massachusetts,middlesex,137837
connecticut,fairfield,138920
pennsylvania,philadelphia,149772
new jersey,union,152167
florida,miami-dade,167058
new jersey,hudson,173993
new jersey,essex,175033
new york,rockland,183753
new jersey,bergen,232737
california,los angeles,234249
michigan,wayne,266150
illinois,cook,361931
new york,suffolk,494354
new york,westchester,499699
new york,nassau,565812
new york,new york city,2.57892e+06
